Product Name,Price,Rating,Number of Reviews,Prime,Availability,Description
Malta Dynamics APEX Type 2 Safety Helmet – OSHA and ANSI Z89.1 Compliant Safety Hard Hats for Construction Workers and Vented Helmet for Head Protection,69.,N/A,N/A,No,Only 12 left in stock - order soon.,N/A
"10 Pack Full Brim Hard Hat, White Construction Hard Hat, HDPE Safety Helmet with 6-Point Adjustable Ratchet Suspension for Men and Women",129.,N/A,N/A,No,Available,"Package Includes: you will receive 10 pack full brim hard hat bulk in total, sufficient quantity is enough to meet your usage and replacement needs in team; Wearing an hard hats offers superb coverage in extreme environments, such as work at height, rescue, industry professionals, and for situations where hard hats safety is recommended | Quality You Can Trust: these full brim construction hardhats are made of tough and quality HDPE material, which is strong, yet ultra-light for seemingly weight"
"4 Pt. Suspension Hard Hat with Safety Vests Bulk Safety Helmets Adjustable Ratchet Hard Hats, Vents & Sweat Cotton Brow Pad - ABS Construction Helmets for Work Sites & Outdoor Labor",58.,N/A,N/A,No,Available,N/A
"Safety Helmet with Build-in Visor, Hard Hat with Vented Design, ANSI Z89.1 Certified, Ideal for Industrial and Construction",49.,N/A,N/A,No,Available,N/A
Pyramex Ridgeline Full Brim Hard Hat 4 Point Ratchet Vented Matte Black Graphite Pattern,27.,N/A,N/A,No,Available,"Constructed From Abs Material — Strong, Yet Ultra-Light For Seemingly Weightless Protection | Ratchet Suspension Is Easy To Adjust And Allows The Wearer To Modify The Fit While Wearing Hard Hat | Replaceable Soft Brow Pad, Suspensions And Headbands Also Available | 4-Point Suspensions Can Be Converted To A 6-Point Suspension With The Hp6Ptsus"
Pyramex Safety SL Series Full Brim Hard Hat 4-Point Ratchet Suspension,15.,N/A,N/A,No,Available,"lightweight shell constructed from high density polyethylene | ratchet suspension is easy to adjust and allows the wearer to easily modify the fit while wearing hard hat | full brim around helmet protects wearer from sun and rain; mounting point for chinstrap (optional-not included) | great for industrial, electrical, utility and energy applications | meets ansi z89. 1 type 1 class c, g and e"
Securis Full-Brim Type II Class C Hard-hat Black (Without MIPS),89.,N/A,N/A,No,Available,"Like all Securis helmets, it is available as a Type 2 (angular impact) solution | Offered as a Class C (conductive) | Also available with MIPS (Multi-directional Impact Protection System) brain protection system. | Tested and certified to ANSI Z89.1-2014 Type 2 | Cooling comfort padding - padding systems that cushion and offer cooling airflow. Replaceable kits are also offered"
"Klein Tools 60347 Hard Hat, Vented Full Brim, Class C, Premium KARBN Pattern, Rechargeable Lamp, Padded Sweat-Wicking Sweatband, Top Pad",99.,N/A,N/A,No,Available,"PREMIUM KARBN DESIGN: Stylish, durable hydro-dipped polymer film KARBN pattern on rugged PC/ABS composite for a modern and rugged appearance | ENHANCED SAFETY STANDARDS: Class C, Type 1 hard hat with large adjustable vents meets ANSI Z89.1-2014, CSA Z94.1-15; EN397:2012+A1:2012-5.2.4 (Lateral Deformation-LD); EN12492:2012-4.2.1.2, 4.2.1.3, 4.2.1.4 (Front/Back/Side impact) | PATENTED ACCESSORY MOUNTS: Front and back mounts securely attach optional Klein headlamps without the need for straps or zi"
Pyramex Ridgeline Full Brim Vented Hard Hat 4 Point Ratchet Suspension,11.,N/A,N/A,No,Available,"Constructed from ABS material — Strong, yet ultra-light for seemingly weightless protection | Ratchet suspension is easy to adjust and allows the wearer to modify the fit while wearing hard hat | Replaceable soft brow pad, suspensions and headbands also available | 4-point suspensions can be converted to a 6-point suspension with the HP6PTSUS | Meets ANSI Z89.1-2009 standards, type 1, Class C"
Pyramex SL Series Cap Style Hard Hat,14.,N/A,N/A,No,Available,Low profile design | Tested and marked for reverse donning | Shell constructed from high density polyethylene materials | The Package Weight Of The Product Is 3 Pounds
Lift Safety Actual Carbon Fiber Material Hard Hat with Texas America Safety Company Protective Edging and Hard Hat Tote- Full Brim,168.,N/A,N/A,No,Only 1 left in stock - order soon.,N/A
"Full Brim Hard Hat - OSHA Safety Helmet Durable Lightweight Carbon Fiber Hard Hat, 6-Point Ratchet Suspension Protective Gear for Men and Women",49.,N/A,N/A,No,Available,N/A
"ANSI Certified Hard Hats Type II Safety Helmet with 6-Point Suspension - Adjustable Ratchet & Visor for Construction, Industrial Work",59.,N/A,N/A,No,Available,N/A
Bullard 3-Rib C33 Full Brim Safety Hard Hat with 6-Point Ratchet Suspension and Cotton Brow Pad,32.,N/A,N/A,No,Available,N/A
Construction Safety Helmet ABS Hard Hat Adjustable Ventilation System Hardhats Industrial Work Head Protection for Men Certified ANSI/ISEA Z89.1,28.,N/A,N/A,No,Available,"【Comfortable Fit】: SAFEBUILDER Work Hard Hat with 6-points suspension, Good at Shock Impact when workers work in danger, Protection For Head. Y-Type Chinstrap to keep Hard Hat Fixed on the head and Adjustable to be good feeling. Head size adjustable range is 53-63cm/ 20.87-24.80 inch. | 【Humanized Design】: SAFEBUILDER Work Hard Hat design is humanized, with multiple adjusting devices, which can adjust the size and depth of the Hat shell according to the size and contour of the workers' head, so "
